deal_id,is_won
7a92f488-7b11-4ec0-9353-c00a7f8d96bd,0
312a16c4-a5b0-4053-a621-d362a2ffaff9,1
46ab8e3b-7ed0-482e-89c6-007b317c57ce,0
b62381e8-cff0-49c9-a22f-69b37973ada6,0
3c1b1ea2-15de-4afe-9a3c-db0a1c18426b,1
7ee0c971-7697-4fd7-a4ea-dde3d216993d,0
93638a04-fb0a-4d33-b617-f0305c40ad9a,1
ebc38dec-57ef-47f1-85e8-315fbf3c76d7,1
4a0bee9c-f9b9-491e-9459-14058b6a5d3d,0
311c5875-2e21-46fb-a222-e4d098074a07,0
be8ca201-cc34-4ae5-ae95-b08b3754b912,1
8a927dfd-69d0-4a22-8fb2-d27f99a672c1,1
a632860f-864e-4da3-9336-850d42fae32e,1
301249b3-1f6f-4e5d-83ab-7b91acae9bc1,1
ae1ef296-d574-4c51-aeb9-e5f02871dcce,1
d22f6f75-eb0e-4331-856c-66bde60304c3,1
c3249361-1156-4577-8e06-ccc4e1c7577e,0
5771b803-18d1-4287-b9b1-600c437e7918,1
e2536f83-552e-4b03-818c-2c4a603085c5,1
8ecc367d-343d-4715-b961-b10cd46668f7,1
0dd12285-7fb5-4e55-ad19-bc93cd387404,1
e12498a2-c6e5-4cf2-874a-39846244da20,1
94e0a56a-0ec4-4dae-ab02-4e1a7c77bbf1,0
0ad9b022-3d5c-476d-87be-130cc7f7f7f5,0
a501ce21-4d57-4ef2-807d-d4a6834ecf34,1
e7535e04-4bd5-40a0-ac9a-acdbbaf91e69,1
4904ca77-1b77-45f1-8bd0-3ebccf995d48,1
9795f6ab-a77d-454b-9b67-360401c61869,1
2f7fabb5-a47f-4326-8a94-52782772f115,0
1bb9c67b-caf9-4559-88ff-67dd8b406857,0
2b1a0f75-0066-4719-a1dc-1a6c598e245c,0
0ba29ecb-ccaf-445d-93c1-251f4020e847,1
cd8b21af-eedf-49da-a80a-1c6ed8c0aad3,1
ad736079-f9ad-4de7-88e0-0594084fe125,1
da7f3ea2-5378-4ea3-9656-862be6b007bb,1
fd6861df-c483-4d7c-8613-a655f9f027aa,1
17e5e1ad-f4d0-48f4-a033-5c735bdb38e0,0
5cda52b5-50c7-4d6f-b2a8-e98ce28c1b09,1
b9d11420-6cd5-42a5-896e-435b4c555208,1
3ca7902c-375c-42e7-ae7c-1f96a43be329,0
eecdc459-42dd-456b-8893-79f9d0c07f9b,1
03700063-22d3-4644-8bcd-d33970805ef4,0
93dba0d7-80d7-4dc4-a1df-b8957179d188,1
9ffbd27d-e44e-4ac2-ba1b-ec8b2772838e,1
85e0cc80-f881-4132-a08b-d108df419920,0
0a139490-6cb6-4efb-8741-814114de0c81,1
4429d332-3afd-4865-acb9-c16d821c6b74,0
7e13e41f-474d-4b92-80c3-77539b028191,0
5b002662-6375-4a7e-aff2-17fd1416071b,0
c38bbaf7-5d04-4f35-8e8d-7fa795847000,0
d5f3abd0-a1f3-4a0e-9686-6da356e408a3,0
33e8fc95-506c-4d9c-a9fc-2dc9c9d9a4ed,1
8895c73d-3261-4fec-93d0-8141e012c774,0
70014e23-d4e7-4281-80cc-95518bae3be6,1
6c4080d3-bba2-461e-af0c-ce741c47cb70,1
d785b584-ed23-4ea7-a055-d8d2b8a72c7a,0
392e291e-5ef9-42dd-b798-6ce3834e0bd1,1
47755c61-597f-4765-9a9c-cf6bf1c60e30,1
df10abc3-725d-479b-8588-e6a61ae16556,1
9fdfa064-8f57-4fd9-9719-b8cef2b68545,1
3ba8a1d0-45c1-4f08-871e-aee365d6b9da,1
70fbe5e4-301c-4f63-8ee9-2bcd406ca792,0
866bbc6a-5277-47ae-9f82-510d17a2b682,0
f325391d-0e05-4fe0-8635-d86a799b9c01,0
ecc94d4c-7450-43bc-bec2-fe55d1e5f3a8,0
b8f75a2b-ffcf-48ea-9b89-8e212f42c894,1
60e9043a-ad1b-4519-9bd2-ac5fffafc02e,1
ca497477-c8b2-4b1d-a3e5-8b1ee06c435a,1
6e5104d6-98c4-48ee-ac91-2d8adebca18a,1
bfee11f6-e7bf-48ed-94a2-addd09b8f428,1
9b3a40f8-3611-4367-a383-41de35dd0719,0
8bbefdce-5c2c-4181-abc5-3f31db65c15b,0
26a58bf7-74e4-4d79-8e12-1320e1128fe1,1
d9c17107-a33d-4e23-b9e6-2003ff00f260,0
a7a67a93-cd84-40aa-b5e1-bba6dbc4d05e,0
3bdc40fd-cf7c-4652-b2d3-2c84f861c295,1
af9bbe6b-6cfa-40a9-86dc-9665e8fffdb2,0
2a6e4005-80ee-4d4a-8f64-c878f6b5560d,1
c4b6f1ca-a1a2-4c34-9fab-36022d26127d,1
078d274b-4ad0-498c-aca5-e307185bead0,0
c6898d43-ce74-41e1-bc6b-a23d3197f951,1
1d35d2a9-dabc-4cc1-b50d-0d28245733cf,0
483ac67f-b20c-46d3-ae67-24aa94f208e7,0
a5bd1445-e6a5-441d-b238-58227c724f95,1
146baa71-9112-4272-b7cc-620cf16a8109,1
1986c8a1-da6d-4f14-b7cd-5c6adda2a4cb,1
695e279a-4f11-4d62-9e2e-9354371cc110,1
17375576-e430-4647-a449-efb96581cca7,0
ebd7b432-70fb-4a7e-8fe5-ab415f0303de,1
29b8974b-e6de-4bf1-b696-20cf25ba16b8,0
5f5ae065-f384-4d42-abee-6c33622ae5c6,0
a45f3de1-9c0f-4d6d-afbd-4690c783d5f6,1
960e3990-3b4b-4282-af28-0bf97c45c3c8,1
159b0e11-dcb1-4713-ab5d-9176b77b8d0e,0
7a977216-b1b9-4a73-a130-bb3d499194ed,0
ca2215cb-133e-4c17-938a-e569b51a8b43,0
c51b3d82-66ff-4aef-b2df-97fa68fd1dc3,1
481095b9-b7ab-47c0-a7f1-122ec64a16aa,0
718cdded-1c2e-46e4-bf7b-9e2913eba0f2,0
67e13f08-8f22-4fb0-8959-69b142c7405d,1
b146ece2-6c73-4919-b555-e49c7412daf6,0
81b8233b-5329-4b81-99af-92461483f85c,1
19d4551d-ad06-4a5e-8863-1a3fe4b77a0b,0
b949ba1b-1b37-4b31-b5d5-e70eaef7f268,0
3777d5da-6f7b-48ef-aff3-b07800baae8e,1
190f637a-bbde-462d-9556-ef6836ba9c0d,0
2a5b2704-3e2e-4275-be40-473f4076527c,1
8a91ba65-b599-4d94-ad83-f648e1394e98,1
35a2c9f8-5074-4aad-bbd7-82e935bd85bd,1
99926bf0-de07-45fa-a9a8-6b871fb3ae8a,1
72025159-5284-4b22-8bb7-ce43c3e671c4,1
14d5e886-f1c1-417f-a18f-911692742ad8,1
6972bf1f-c8e9-45a5-afdc-788288a2cce0,1
bea9bd77-2d2c-4499-a8ad-8ee9c4999438,1
2c3869fb-ff48-47de-91dd-f6728ce6506b,0
8d301397-881f-4515-aa28-356da2f7a6a7,0
fa8b7ad0-ecf6-4dd5-96bb-c0bfaa1db085,1
8c36f539-4c10-4df9-a0b8-12b8ccfab74a,1
4ed55525-c698-4039-8613-d7ce76736d5a,1
ea93699b-4172-4fcd-8651-cf7ff512f9fb,1
77a5de91-58eb-4ff1-baea-76155ac6e462,0
abe612a3-98c6-4ffa-a326-e3cfb9177fbf,1
dd85b3f5-f891-4ab3-999f-c8680937c8fa,0
a6e6fb41-4636-4da7-acef-d07932c89385,1
f01aa142-9ca8-4701-85df-969d2998adda,0
8fc64c22-a5c4-4407-a221-9d8794a7749a,1
c17af4e0-f2cf-4b21-874a-31f7b9a0a9ee,1
62cf63a4-743b-494e-97b1-97c0bd53f509,1
85eccc2a-ae44-4a5e-a7fc-736b8696b7bf,1
4c71c1ca-bd26-4206-be41-4b5eaeef9753,0
14ff457f-644d-4016-bc1c-8e693c742a85,1
92764263-95ac-4453-943f-a35984302f5d,1
e4b7c162-24bd-4b68-90f6-1352db78b17e,0
b212895f-106c-4ae5-8b2c-1982e12b4d0b,0
e6f483fc-f484-4d8f-bc1f-5a84d0043f36,1
2795fc43-29f8-4af6-8a9f-7cbed867139f,1
b31518e5-2cbf-44a1-8e20-4a0c5c700288,1
9e06f708-a562-447f-bddd-fac3f8e70eff,0
a875ffc2-e9c8-481f-9943-e75bb8bc068e,0
bb24ad53-a1a3-4d5a-bf35-16e05ce09d6c,1
947377e7-bcb8-4466-acf8-abb06ddc3b5b,1
1386f068-d038-49f0-a290-c067449e69f5,0
2ac5247c-df2b-4ff2-ae00-7a2a9efaff9a,1
a60a7b19-5c19-48b7-b537-3c2a976249fb,1
56314462-5de2-4acf-afa2-f67a253c104e,1
5d1ac860-d834-4219-8063-d874237e58cd,1
1f6f7804-001a-4600-acbf-5c9f70ee3e50,1
c87521e9-abd3-411d-b4ed-09bc3895221a,0
f54a60ed-d043-4a75-a0a9-0b7e5fe209b7,1
86a5d5f4-043b-43b0-be28-8d8e35a42107,1
bbe33630-cbae-42ca-9514-6b317fdedfa6,1
7a25d39e-f3eb-4451-a8e6-f09f481a23a9,1
e46803d6-795f-48a4-b780-65bddcbbcde0,1
24c4b2f4-fa95-4dee-a59f-551ebfe66035,1
761ad4eb-e852-4640-9d95-3f5ecad92ab9,0
d3fb2486-199a-4f76-a03c-31073f4cd4ab,1
0d9f8600-094d-43ec-919b-721402d3d646,0
77c55524-3eb9-4f80-8609-cd748f879d6c,0
8c0b4008-ea74-49c2-a5c4-21a602c71c4d,1
1a54fd83-a86e-4af3-bd18-c5facf3d32d8,0
94ff8a1c-364a-40ad-b570-d94ba990981c,0
88be9406-57f6-4136-b1b4-17549d7f82c8,0
45a08016-4903-4ad8-8d4a-d41671c5c3fb,1
c60b7524-2fc7-4a7a-85e8-f15f6dcb7b3a,1
116adf43-4558-4ed9-925c-820401da8f97,1
2a0f4797-5d0b-4761-acc1-27b913c938a2,1
9a05017d-6137-4a43-971b-f601494f5195,0
794c5021-cca5-4398-9ddc-b98eb3e272b3,1
794b21fc-a5b7-4ac8-bc9d-6d3b2125eb3c,0
5c60a58e-cd33-411e-bd53-5194463fdaaa,0
5a4dcef2-875e-48c5-8927-c20ea393036c,1
02978535-4e22-48d8-865a-1d92a1941f90,1
aa57b021-8e7e-4600-9940-653e289bfeee,0
bc5413ac-c654-4b9b-9cbf-bb9e64d183df,1
1507868d-6779-4421-b8a9-e1d61753837d,1
80aea926-c417-4332-8ff6-5811d7e354ff,1
f3adc930-41c4-45c0-964b-fc381942a654,0
3948741d-bb4e-404b-9de3-349949d9f83c,0
548e8923-4ddf-405a-b34d-8ab79064f4a4,1
4c407a77-c738-42b6-ae2c-a0a861789e4a,0
56405d75-22b7-4dcb-8b58-72dfe54c8508,0
7b901493-a4b6-4f23-bb94-abe50c47a47c,1
e0b7e467-91dc-48b4-8eb9-293310dbb55e,0
f1e8465b-0477-4f25-a0b1-e695b95c4496,1
de936984-2492-458e-a788-450f09e4c6d4,0
bad27f85-8057-4471-b7db-74bba84c08bc,1
d88d1b75-b3bb-4d4b-b98b-7aa1a16ab01d,1
2d5ad4e1-4532-479f-abc1-6df23ce8ae0d,0
d5209b12-a594-4461-813a-88ffad59e57e,1
4fbc205a-052e-48d0-9fd1-aed333ea4639,0
07a08345-d5d4-4f01-b80d-0cd18a9badfd,0
81b9a822-aca8-4ca2-8392-b2386f203e3a,1
e8eb0a1f-3533-4090-8b7f-aa3690fed3c4,0
aa6e634b-2b4b-4627-b21a-c489dd50ff67,1
d785f52b-1bfe-4bdb-b792-159e93355eec,1
070273ad-9c3e-45e1-b998-37a8b4a603b7,0
d2dcf281-e668-47c9-8393-b6bc47ed6809,1
64227814-831c-4e41-8b14-e404da7b1b01,1
25310121-05c9-4ea2-a229-8ea72498dddb,0
40056ae5-4e12-4c38-bc8f-7c85160b2d9f,1
89d5f16f-5cb8-4af4-bfa3-b81ac23c81b5,0
9eddcbb1-a8a9-4311-83cc-a8633050f907,0
1a04a00f-fcb6-48eb-a16e-b409afd207c5,0
fda68a0d-0a74-49b6-9326-6a50e6c77118,0
4852e48f-34c6-4833-92b2-115e6d6012f4,0
3271d105-4bf7-4029-bc88-b3fbf83dc569,0
fe65de21-5e13-4cb9-b595-5079fb431a80,1
d02df579-e567-46dd-8a48-28a56b2fa12e,0
3b7ab7af-9dcf-428d-a34f-1144af2b8ec8,1
1cf4d760-64e1-4b53-8639-ca8356d58eae,0
192c7e46-51de-49b0-b78c-cb2ae5e5275c,1
d6606a5a-0d92-4528-8d1a-0a1d76b19345,0
92641e26-97c9-402f-8921-a943ae91eabd,0
9d668e9f-393c-4909-8456-fe9a46655a6b,0
b0a48866-41f5-4492-a4c2-3058b2f449d6,1
173fa239-2d7b-49a1-bc66-a18e186d074b,1
f9aebe47-da81-4226-b45f-6b1cb8e21827,1
2f198d81-57d9-43d3-8e92-020c0ea14026,1
c616e0e5-3408-4868-b9bf-773f04fce407,0
bb16a3a5-65be-4a5f-9bef-e8c42490de1f,1
12aea130-e11b-4dd8-b6b4-7340340065a2,1
25f38ccb-dbc7-4b8b-8a71-9a8cee020ac4,1
78f7a527-edf5-4d67-b420-ff114ce7cb88,1
914f9ed7-9430-471f-8663-52c04441856d,1
d96846a9-a8df-4127-b3c4-7a47ba5f43eb,1
d8796cda-d16a-49f1-883c-1747bcb7e660,1
4c14bcd3-b431-4c56-a521-d94ebd14b503,1
14392343-4055-4914-a9c7-a93b1746ca40,1
1eb76a6b-b9e7-424a-8615-6b9e8c137f35,1
4791399e-b0fa-413a-a42b-ce4a7fcb1dd6,0
88340aca-8856-49db-8c5b-3efbc106d0a8,0
cb8f854c-37a3-40c0-937b-abe52207297c,0
56bd8075-be0b-41fa-a5b0-4d4bfe53be05,1
29535333-6961-430d-902f-af02c9880e1a,0
57ffcb19-0126-4853-bbb8-f5d41ec1b12b,1
49185265-ee22-4f98-92ff-b7afed418346,0
ee04a3c2-6cc0-4983-9481-f5b8b5b9569f,1
cda74cd9-bb7a-4244-9ba6-d36e27c5cd8d,0
282d66bc-251a-4aea-afa6-1a43b8e54ada,1
7becda63-4ac0-4649-a139-41a0bd6b0dbc,0
8d09f4dc-2592-4c3b-b969-35960459d9a8,0
cca71dbe-f074-457e-846a-38fc048e8ff9,1
bb345092-bab1-40ef-a2db-5f98ce1dba9e,1
ef9808f7-1863-4206-ac2e-40d6b500e208,1
2c8f987a-cbb0-41b7-98a7-0415a13df824,0
1690380d-5eaa-43bf-8d3d-a7f7637b010d,0
286ac4bc-a530-4c98-99ea-f533537ed5ba,0
08652220-d371-473b-ab9e-70bf992ae196,1
45705648-e4a4-4001-98f8-458239a390d9,1
22f526c8-1c2e-43cd-90f3-e7ea028e9057,0
